,PC1,PC2,PC3,PC4,PC5,PC6,PC7,PC8,PC9,PC10,PC11,PC12,PC13,PC14,PC15,PC16,PC17,PC18,PC19,PC20,PC21,PC22,PC23,PC24,PC25,PC26,PC27,PC28,PC29,PC30,PC31,PC32,PC33,PC34,PC35,PC36,PC37,PC38,PC39,PC40,PC41,PC42,PC43,PC44,PC45,PC46,PC47,PC48,PC49,PC50,PC51,PC52,PC53
ND,0.14004902486908485,0.2931904108570275,-0.008627447026900133,0.044171396163613895,-0.016383511812769803,-0.01091570470829218,0.030311073611969885,-0.17921631177081446,-0.09214773422077063,-0.03183894766137549,-0.030683224859136646,0.03619087674668407,-0.0413109514191961,-0.005923346777279249,-0.025662428464251683,-0.1020881629008501,0.027472488288081708,-0.007596178135686666,-0.026502825847340435,0.02159738367030016,0.009749066672499434,-0.008470773866543307,-0.06091431085597382,-0.020663495518631527,-0.16203146200751034,-0.08027252866989305,0.1785101673737477,0.03863374790632044,-0.009445194784199197,-0.0513280751778742,0.004205178475003784,0.12237476672872245,-0.39920250092517384,-0.1552722479754066,0.1484326022691769,0.04736440663966203,-0.012558719860439951,0.027174657024358596,0.014805633581170747,0.008266594032714437,-0.0686523324581057,0.727383272058964,0.039870585179976784,0.004133785180955786,-0.00015966404520141348,0.00024632729008715776,0.00019893144936319814,-2.7068786297805165e-06,6.259401150838637e-07,1.186247722056328e-06,1.087794450584113e-06,5.569985067030686e-08,-0.0
TSD,0.13457898751358266,0.29480939235603965,-0.02766159120722846,0.01831917782692577,-0.018087710528874534,-0.02356012880817774,-0.01485837839773127,-0.18368560179473337,-0.05982393373932719,-0.05539436726968479,-0.015175577564137765,0.044013412153232664,-0.05104172626623906,-0.016351813450944958,-0.03775916011313455,-0.06996168600320542,0.08196171500623858,-0.0005636380576836045,-0.061530845082527014,0.0024484791494002044,0.02753131130857012,-0.016869401241928494,-0.1472546341180132,0.0726273043851088,-0.06322276606460096,-0.19459733849076977,0.4963138887407846,0.1893878684956949,-0.12115162670556584,0.4070751934405752,-0.006185012934883505,-0.1564626070354848,0.4618227273191263,0.1915992777493819,-0.1509018800906837,0.0005985730241812141,0.008370616826324657,-0.010791965547811363,-0.007134381810534892,-0.0038149532273221497,0.004107151578384781,-0.02261320563809527,0.001681214499394042,-8.725851039760417e-05,-3.088430600283011e-05,2.8227191146695395e-06,-3.2955765055897335e-05,2.9587331784612154e-06,-3.581452333937877e-07,-4.0851360266640644e-07,-3.134141017357838e-07,-1.6837847614998122e-07,-9.997114980235788e-19
ENGLAND_WALES_DEMAND,0.13533013786883977,0.2981510428906735,-0.01744066685786145,0.04417443869491478,-0.021293871711919418,-0.010097314488490388,0.02592638003647866,-0.18491790145724094,-0.09712827933308,-0.03132542303638242,-0.029788595200912253,0.03189294554399875,-0.03822689622636366,-0.00839001762361753,-0.023587319969641786,-0.10584586573858422,0.02596625761066386,-0.005837189067818738,-0.022677889443585737,0.020693219315376522,0.009122920990573045,-0.005432792252398871,-0.051477639568687006,-0.018029517634416452,-0.16321534211406283,-0.08042947569617148,0.18795169319663663,0.0381335351736763,0.0024587939545323606,-0.05560923276024472,0.00556354101308231,0.1320288000188005,-0.4565098530704822,-0.1871684013844669,0.15277215802895924,0.061595733255957984,-0.0051540402457442205,0.0070647669311991535,-0.010140173603478728,0.03166370933295671,0.05412529384876811,-0.6763884363224082,-0.04604684011017827,-0.0039217900512551335,3.8798514788504376e-05,-0.00021360130257833777,-0.00017074094470767898,-2.356583647266762e-05,-4.552292814577126e-07,-5.244869259957812e-07,-7.736179000693196e-07,7.379404089668127e-08,2.504735918281801e-19
EMBEDDED_WIND_GENERATION,-0.16419616089907177,0.12484575501106386,-0.22032313279617263,0.04096915234297153,0.04562485354109327,-0.03977834226320357,0.023442576071755327,-0.07024778402356212,-0.08057453012952796,-0.013232681023297905,-0.045499380151583224,-0.007702069400451576,0.009930928844184703,0.14652254490824781,0.09762292006238107,0.030988976083084936,-0.12208346339636905,0.03871643684511443,-0.1239649776823192,-0.0009318045398501578,-0.06458827222861314,0.031095437467741942,0.5155875451647121,0.23390892267038396,0.11151434199931731,-0.10735976460359097,0.1608584648195417,0.11660571309746667,0.6216321074248629,-0.09144796321130359,-0.112127636069342,-0.11098988641774524,0.04935200891221274,0.020040727180753372,0.10097064500537521,-0.042495005605931994,-0.001766265121431657,0.001080781893744264,0.03612385449119161,-0.019902237126233218,0.005884670037824344,0.008829151245164767,0.001542123262925643,-0.001531561816553572,8.184030379596e-05,-5.866829237325082e-05,2.350868611838316e-06,6.472997982228287e-08,-8.644855409260641e-08,-2.8181112795080855e-08,1.153410888293229e-07,6.0814853688134695e-09,6.541048370042481e-19
EMBEDDED_WIND_CAPACITY,-0.19620101952769933,0.036910897155486705,0.06935481150698773,-0.11226249123346627,0.013864408924725926,0.20883485274245497,-0.00045374662804865533,-0.06795434323768082,-0.007598205948425881,-0.06970655123026978,0.04409760746797627,0.01164661340120418,0.028057026296234994,-0.09422938377000989,-0.10012890068162292,0.022964092056983413,0.06215333798124521,-0.04906708594912104,0.00013438489505490336,-0.0932905249309351,-0.048039608513615516,0.005156904393620115,-0.19403758807805171,0.3045953678615739,-0.14977505625239595,0.4485356912414036,0.11729457525095598,0.01972045599300854,0.2200377289586822,-0.02298126152650882,-0.037685956480571305,0.0013575795155653346,0.019502087766846476,-0.39498584132612435,-0.48093666967653736,0.10760389104739791,-0.09279667301093696,0.10152488404800375,0.10563627389031573,-0.029054080723700543,0.022571206838166994,0.006838240346147936,0.021305125091230472,0.004333217111258657,-0.00011902215634032453,-4.302371227369068e-05,-2.873581501962027e-05,-2.5076988881685165e-05,-3.3070639345883734e-07,3.4974323371195017e-08,-6.145170196767508e-08,-8.526246694461193e-09,1.4022613527870085e-18
EMBEDDED_SOLAR_GENERATION,-0.08169407769283515,0.041807578997367395,0.18709910686562786,0.03446441013818012,0.4492143253248395,-0.08531993418462637,0.0265418022409262,0.08048739035438526,0.11649924224809993,0.037983186786029445,-0.07716414066976497,0.015128999320675629,0.007132480875089627,0.018105205901712,0.030719815668424497,-0.019289442076641343,0.07917310424579173,0.00818936935991753,0.00330576393175402,0.01815753418411306,-0.000851217068207711,0.008458440058486809,0.08763391938370327,0.015571993280989791,-0.015516130305337867,0.05002356946390998,-0.14913912684313893,0.796597575741779,-0.13691362211316704,-0.0501061903216657,0.08736095240868583,0.008387569152789766,-0.03538427482991306,-0.03872218003252054,0.002187394927030548,0.04742149764731121,0.007161853027180029,0.07517995692546475,-0.03810401146366392,0.029663392776201808,0.0009728778224515655,-0.0019323578925934093,0.002977828260325871,-0.0006201370703726119,2.6421081221776785e-05,-3.7364347718312155e-05,-1.0889781320210103e-05,-2.9042933713200054e-05,8.083762684190085e-08,-1.1009566211016365e-07,-5.0924388711233354e-08,1.053952211203299e-08,-3.3590052496451285e-19
EMBEDDED_SOLAR_CAPACITY,-0.20059421581843714,0.04331106832447286,0.09307342849869761,-0.051137456784203804,-0.013305059158325024,0.16415648013015974,-0.13083949371843362,-0.062044870634234514,0.01588271226049031,-0.048634192152494565,0.036006935562132004,0.045834262106421955,-0.024031161654929484,-0.11679415956526151,-0.06412332932763323,-0.007191250195917441,0.08761903410594454,-0.02640625767624352,0.04632167883758198,-0.09644207718599004,-0.03315535522179175,-0.004807452910153489,-0.19310771435875193,0.2886609397619032,-0.09145126539614352,0.4174399781377,0.07057072336643312,0.03318575539922183,0.05852627770359913,-0.015156304283527027,0.004939050317406877,-0.0032933891675907493,-0.024995519679688237,0.448195725901461,0.5488051497300129,-0.14791104005740224,0.07305452871284826,-0.06145351458964635,-0.062106440193010884,0.029712142065733145,-0.0220946041567452,-0.0046194259945739604,-0.034707648474135884,-0.005620231086978905,0.00020437168594279935,6.39913550258566e-05,2.8230734818720194e-05,3.534044202392422e-05,4.5439729165574525e-08,2.0334517395507795e-07,8.521221876069289e-08,2.4687869921510808e-08,-9.711589050437712e-19
NON_BM_STOR,0.02199260447405996,0.058817468326193764,-0.003581444741674636,0.05821616996466309,0.02802581747230844,0.08800870295211703,0.037180928864497184,0.26395485064194196,-0.18260233505449136,0.02711941668233385,0.29481844011625663,0.8648647464406023,0.15132262683302838,0.08941226856195825,-0.06986277799342329,0.014837401790034746,-0.055371708884257034,-0.02619836678509261,-0.013806362706896756,0.054972232325064076,0.005035094272413102,-0.004090451489784776,0.010499794922394124,-0.019354888429683224,0.020503077151294888,-0.003248680330422359,-0.0021298462288273055,0.005258938780120015,-0.001535422068904481,-0.0005092871013473268,-0.00822841730262575,0.0004224228422757152,0.002864327531108504,-0.0013897326970852524,-0.004411201313754521,-0.00335305032008091,-0.003029806365175553,0.0004840462366499978,-0.0013235535591392192,-0.00016167481221184495,0.0009499944241083938,-0.0029630281666207375,-0.00017110879993545132,4.095568422772597e-05,-4.67997157364444e-05,8.619167110241169e-06,-4.801782940844339e-06,3.144238073324689e-06,4.153132033488338e-08,-3.380287865593273e-08,2.6328421262810977e-09,-1.592176795766963e-08,1.3472379317336447e-20
PUMP_STORAGE_PUMPING,0.0002292277555770407,-0.2412995508017398,-0.11742159284068604,0.04134795759573153,-0.08134708675014189,-0.06594767213629268,-0.01878861640233561,-0.1006481588682616,0.13816445015425038,-0.03508540188589425,0.015907796411524372,0.11250055495941733,-0.09840416759762122,0.3011559062131721,0.12516488062780418,0.4467849153326062,0.6396469435193747,0.12871417675603442,-0.30056326650414134,-0.010605419473594642,0.0021186812216689166,0.014307877780975286,-0.09082156913550622,0.06520349420609325,-0.06600671907271653,-0.06481841142328133,0.0347359914886467,0.022025426472331293,0.021890683904907383,0.046096554944092684,0.004995210424697482,0.05364850866058743,-0.08711689487389118,-0.03494566719293073,0.03182222606629924,0.024453688856044344,-0.02248876403423937,-0.009729154020363874,-0.010506218573285472,0.012690831799737309,-0.0020378016086895104,0.0019522045597150444,-0.001606289669187802,-8.791922403502618e-05,-8.936743579881625e-05,1.3723550792348546e-05,-1.9022216429878375e-06,-1.0734630481347414e-05,1.1715747303942953e-07,9.228688103036652e-08,6.3065964803130115e-09,-1.1073023069350457e-10,-7.604646117812655e-20
SCOTTISH_TRANSFER,-0.11953441408582534,0.08461321849325183,-0.04376116968329828,-0.0030611766792402236,-0.12054360228750245,-0.14769805158687718,-0.3330886885219137,0.02863056717589354,-0.019084235874576694,0.08087187808125318,0.0011000226292915975,0.009731630841007205,0.19417463978983457,0.10109290362391046,0.30501340657579235,-0.13583842440599583,0.31051526093083975,0.033711503376968426,0.667915621705135,0.31248040643402986,0.03203655856660088,-0.012897581774592772,-0.04462805090573945,0.01677066769655504,-0.011567634148452315,-0.022628051274298507,0.016696379530264538,0.019140949687902052,0.10198960410219494,-0.0066977144500084745,-0.017850190654494596,-0.016269516266115405,0.012538242099866767,-0.04864628653765735,-0.03856352510251123,0.017626154943950124,0.010594425888124887,-0.017758490893154674,-0.014618167939904912,0.001435255256526351,-0.0005691509150329009,0.006394821650590189,0.0009447852716545804,0.0003970404170724594,2.622016249459982e-05,-3.5454456744316044e-05,4.5746072876773125e-07,-8.151426297861723e-06,-1.9824908463254777e-08,3.370334629094978e-08,7.572173811100642e-09,-1.0062091685908523e-09,7.703808626234405e-20
IFA_FLOW,-0.02152197522746043,-0.040243637295520655,0.17426472669798243,0.2683377102053213,-0.07915194815328147,0.08916148249368509,0.15874330681404544,0.08951101290098315,-0.2573656126502253,-0.2610711862464446,-0.17822908674777385,-0.010633314181170755,0.1486717042116361,-0.14022932812917874,0.5484532254264384,-0.1960106623604378,0.08062026491112612,-0.02195246973132173,-0.2966809408454274,0.1673805711953535,-0.021369169492936105,-0.014742604241834942,0.06945847168632001,-0.13377678744453708,-0.3264922456046599,0.14326246985794258,-0.07251764542407074,-0.037541783342346785,0.020341126435929786,-0.01168370129875608,0.00790158894466836,0.010643615904227183,0.09677070654975257,0.09168611573195473,-0.041711327373442735,0.0011751850450024293,-0.010012894683718784,0.0071101437155906356,0.0017055179347592263,-0.011357769902719734,0.004958704951739614,-0.006403464311755504,0.00817873434673121,-2.144559685844391e-05,-6.120969955998926e-05,1.0362474352859838e-05,-1.1056811136672072e-05,4.16753477586586e-06,3.617783167156547e-08,2.6115165271424294e-09,-5.626497604659261e-08,-4.55457138522131e-09,-1.0590859842497395e-20
IFA2_FLOW,-0.07680245943458483,0.033189026934705,0.2511050216114347,0.10046126399244966,-0.16857078151602028,-0.10990814829136229,-0.07518100861549154,-0.0035091498375607664,-0.12608250551470748,-0.013020470003066156,-0.34283292440172036,0.07675280969905482,-0.06663582468827582,0.32785937040059976,-0.14417029946648707,0.05575753867532627,-0.038700737406110304,-0.2672399166958972,0.0947016958122794,-0.19639835986025883,-0.08958165762500425,0.6684976668132337,0.01569645272105668,-0.11471285211741898,-0.073735784489027,0.04110353186717606,-0.013235018436095662,-0.0007883714539020104,0.0049903117009191,0.004608048933723281,-0.0015002405541612645,-3.6407043128603785e-06,0.03910978390317978,0.016071510515723916,-0.020451051096763366,-0.00022878849401361415,0.002611944679123092,-0.0008717603072356039,0.00156232888794475,-0.001256566024761087,0.0018359139770215344,-0.0022432121241555297,0.004851260581958721,-0.00018130069779498137,-1.6751219075782603e-05,7.699128364496526e-06,1.9538555791067773e-06,2.9495142871835543e-06,-5.1117887833298204e-08,1.5331055738053233e-08,-3.1331975504587e-08,-5.006206305120063e-09,2.3166165750052344e-20
BRITNED_FLOW,0.014123568823387878,-0.003325248631500674,0.09666387146812577,0.30628426113065044,0.09436183107303932,0.11576898835382302,0.3290912986926931,-0.2752412673040588,-0.0884161707353333,-0.07672230045893275,0.1981911244608496,-0.005659153193337595,0.007908620691264278,-0.10412059235042227,-0.010367976521781149,0.25324216166555125,0.005581066225877147,0.43940529677076967,0.4295319233247294,-0.2863233379096748,-0.19206861793861602,0.07032176228921141,0.08819127631058944,-0.1302834584423706,-0.14705847542057568,-0.034160873264965703,-0.04931807092766506,-0.021722302189758763,0.029719109261344433,-0.021186668742996184,-0.0022783797949101556,0.0032629755783552153,0.07572286079514068,0.04775888860159404,-0.011989118825337467,-0.002920288640890936,-0.006317222954319702,0.0036731505975275912,0.0015285856915327925,-0.013277931325657095,-0.004526862292852187,-0.0019295520551940379,-0.021643226021425228,0.0009612964112817369,9.823940471628116e-05,-3.4833052235508617e-06,-1.8268877383907578e-05,5.712990639011306e-06,-7.552949978629769e-08,4.559358463509652e-08,8.164744547684144e-09,-5.854310152450974e-09,1.0605881621471283e-19
MOYLE_FLOW,-0.02629617161584875,-0.11239604826950138,-0.18944732982362214,0.0348246016563895,0.050955134118606644,0.27274827990946154,0.06019274677604321,-0.18546189602857377,0.020468452954288768,0.38724345210347205,-0.30508824757481884,0.13813682210833875,0.16655107168432762,-0.17705558878948385,0.05637454769283617,-0.052033110608397076,0.08774720020210068,-0.0252992347880215,0.047279735182584916,-0.2474172781926569,0.6451463716898239,0.0777188690643585,0.0686555748836098,-0.04009946321667237,-0.06725900590842272,-0.03460890418401372,-0.007715396944654227,0.0022634607197921045,0.014329939050060343,-0.0032568211656880115,-0.009888005152057039,0.0011443293587677346,0.012203500926679847,0.015417190002698103,-0.006858423145980106,0.007265146234242713,-0.00047472474871940894,0.006995596807889604,0.0028477218860944883,-0.005181082662159972,-0.002204846972620183,0.0013128702963317361,-0.003225756746851878,0.000127243373693813,1.779910216987261e-05,-1.6003279066879576e-06,-5.2838681802214065e-06,-4.88168642761078e-06,5.6920495526423504e-08,6.560397885506117e-08,-5.393029779697727e-08,-1.3062949127502656e-08,4.010388831187905e-20
EAST_WEST_FLOW,4.448881336701031e-05,-0.10028633465005411,-0.19061183221033512,-0.08620599462743257,0.01849877134912417,0.18472781547305056,0.13038221407992867,-0.16392453808307908,-0.030412992105053233,0.4729028500485724,-0.40038480195343307,0.17702997413517527,-0.1958271258467457,0.015946879184893282,0.06481549968761856,-0.0651656983517182,-0.06457912909739973,0.08612916544183528,0.004369993185969384,0.2413319482722859,-0.5473836292685167,-0.0807541323484192,-0.11538345501638543,-0.07450977832211111,0.003048240074614772,0.08125601325068713,-0.013702399503192257,0.018419445242935484,-0.013603380819396726,0.02274771457477887,0.023179966556943633,-0.023767772726547263,0.020813813068930712,0.013244586449171206,-0.004800567894142428,-0.003800835967605215,0.002697922508693742,-0.007759109911138706,-0.0034906051798213964,-0.0003899327600287513,-0.0008489637901850108,-0.0014962947215171499,-0.006665757949084334,-0.0004094157747592249,5.579549985141409e-05,1.040822804080667e-06,2.293846481480568e-06,-6.604434004669531e-07,-4.871645154871545e-09,-2.3891469701984725e-08,-2.4534634205282845e-08,1.6311911108367031e-09,-1.8422950234379453e-19
NEMO_FLOW,-0.08452488913428556,0.044868342005099364,0.2109126524367534,0.03164203514827807,-0.04824245516935183,0.009448718685171513,0.3812473604791574,-0.1929336641383195,-0.05895135718127911,0.022743346017922307,-0.03170971151295212,-0.0564855135561467,-0.004621862735688607,0.2510814464011453,-0.17652197657367671,0.3472177977014269,-0.1528733027470025,-0.20793063117179103,0.10986788612741773,0.5504392911987263,0.30812844490669045,-0.19407618039454866,0.02279785392763712,0.02164013602586769,-0.06412972059042511,0.11069888457139926,-0.01720764324175617,-0.01381006240339005,0.0006595227706126408,0.012944082419312587,0.007870974293778941,-0.014855098421969422,0.03596802739560856,0.05111389715165556,0.023352141758444807,-0.009253097597130973,0.0068543737042550176,-0.01311181091800995,-0.006871817557835842,-0.0007705744939399824,0.000149483673881931,-0.005309968523960966,-0.0015293302106583273,-2.5368755943470075e-05,5.565766146022433e-05,-7.234953517540769e-08,3.0348543807488627e-06,7.725326884505306e-07,-5.3100172870887997e-08,-4.484305071311169e-09,-6.934130486374098e-08,1.0447906551262578e-08,-1.717697224471185e-19
NSL_FLOW,-0.09955624118189006,0.046625076219443375,0.2052370796863896,-0.009362555059081554,-0.16959064080162764,-0.05448690741645587,-0.12220387409845916,-0.04229079061305615,0.14500514928959488,0.2750177501354517,0.1738215208203229,-0.05097314159887233,0.10475192609631047,0.04725162916865497,-0.3241530553150997,-0.28556266999128344,0.07143462583714334,0.5243721456192498,-0.2602761919615736,0.2640704112228194,0.07743667840259104,0.19518327478998607,0.1830221186915378,-0.10392295142950445,-0.2156602397208261,0.09651390641114173,-0.028987291322885817,-0.021049871521453965,0.017733712019667933,-0.0005710942353401727,0.002042666034816057,-0.005134563242502633,0.05021801885800045,0.02436741708577581,-0.030641960682207314,-0.0018868893928037458,0.005047817187601565,-0.015695941947503636,-0.008067022438586046,0.0010332276716077066,0.005184713165624224,-0.0007406504273686169,0.01180253809535052,0.0007109267308261066,-4.0519874238306255e-05,-4.816908717833653e-06,-1.9597932885915074e-07,-4.77453417838708e-07,2.325483000456833e-08,2.85400797529894e-09,-2.0296540269581333e-08,-1.2340510202843778e-08,-1.9456103137007575e-19
ELECLINK_FLOW,-0.09119819502989793,0.039122021685173904,0.2244228469356507,0.11766674416053599,-0.1768896696699675,-0.1564384005419166,-0.16701217573712504,0.046988932561345245,-0.04023406017574332,0.03304150505622101,-0.26060867452316616,0.0922106631941629,-0.11780902816785442,0.25862106492357195,-0.13677215778878826,-0.0781724356836002,0.014778981745041985,0.047077301615366246,0.04078804608255601,-0.3787624033817435,0.017178904112297444,-0.6605164126994463,0.15431569484862168,-0.14269347865470047,-0.10720991037551571,0.10482008117514255,0.0033846969923184804,-0.015074223672007026,0.010204762909488876,0.0036390403091338024,0.0010518904484964297,-0.008475236523455157,0.03786249098874893,-0.019773128992241915,-0.03868514942758561,0.006219805806222553,0.014468883239359178,-0.01795586895211144,-0.014615486216217183,0.0033439238722265965,0.0019808137425285587,-0.001857448678556898,0.004545940507571281,-0.00018008194906030494,9.823162606656402e-06,-2.7825066651950312e-05,-5.087828283087614e-06,-3.621893476185825e-06,-4.735003547485341e-08,-1.0958967379183476e-07,-2.1193870805273077e-08,4.540741133323999e-09,7.689942316216622e-21
VIKING_FLOW,-0.05065781065966154,0.032006284356639846,0.1360017996744636,0.08671132636703173,-0.05514153395466238,-0.08937515547400508,0.05171888289017869,-0.22912958777284204,0.12929997363323076,0.45136809267429534,0.5421191402771252,-0.05022980473081427,-0.19509958215374124,0.1059015722458344,0.34385007927450795,-0.11667833573034801,-0.03260446659566114,-0.38951626092234104,-0.06963769967613181,-0.17155172120521553,-0.04341564692321979,0.00309116456624333,0.04086069348147294,-0.06381845214861977,-0.07248680370115387,0.06331087511931538,-0.012556620099475092,4.502409378470703e-05,0.007894611647376353,0.00043450685948064055,0.002133022857258551,-0.0020675642884864665,0.02893669238754609,0.010972540211453429,-0.02713953403592226,0.007944845407839308,0.0064118217310651544,-0.009829133807684333,-0.010270490394691637,-0.0007459832896253196,0.001160710054713828,-0.0005813614441851643,0.0002781120207297548,-9.7396303855177e-05,-2.0519798540687474e-05,-7.284037823942552e-06,-2.0092247244702105e-06,-3.6295460532912076e-06,-4.776365681271832e-08,-2.4857395001246332e-08,-1.4638088789182928e-08,1.6881956216384696e-09,-3.5499194820745844e-20
GREENLINK_FLOW,0.06981840599274401,-0.03845012188793393,-0.14459485772261285,-0.018974152999715384,0.08240613032707747,0.11634645963707821,0.2876062421456166,-0.003845647125134522,-0.10796418198208106,0.03942317092877974,0.07986993890564234,-0.21516242690608822,0.6133119971769757,0.34337383710621405,-0.23376741179284188,-0.26402511829731723,0.253930744873168,-0.19712862730114802,-0.02276078477157143,-0.13200189225178874,-0.2035643682591235,-0.08249999409261892,-0.0528691179244416,-0.06064657801181438,0.053450167157482714,0.0229858657112134,-0.0018354763759013135,0.006978775473123388,0.003560987775607613,-0.0016282193221856189,0.0047346579560189435,-0.005339989959406127,0.014527938934513514,0.0485428563412674,0.04927507348193689,-0.021096145217131514,0.006803310941795903,-0.002878965452882812,0.0011571313888889786,0.001742734917838087,0.0014156689702669576,-0.0012350489153008948,0.0034651745971188068,0.001455644975503601,1.5615640370290105e-05,-4.089291122495334e-06,5.345124692308147e-06,4.2273053322557925e-06,8.26454738288291e-08,-7.90231818058831e-08,3.73998973866191e-09,3.137891162615213e-09,-2.7345978261026464e-19
GAS,0.12728313595307855,0.17872111715953853,0.08918035387746717,-0.2414733774230718,0.08137030101731527,0.23666707117689664,-0.09226586061699055,-0.10076612599633386,-0.04344621103321834,-0.0664950676337681,0.011157912881264116,-0.0015549443789961172,-0.06642885112228544,0.22433724506329702,0.1026097015103316,-0.013257688159002367,-0.001812035172804358,0.08680536071958771,-0.02326234198532966,-0.03549159208610724,0.04425261769909175,-0.009435867161046023,-0.0650297052725017,0.017903473543370848,-0.03387624531407514,-0.0968222702331118,-0.21758552124129404,-0.0272579113332596,-0.014357981451828991,-0.20235034031868784,-0.23447460141347123,-0.289373320026575,-0.10858085412689279,0.2807772112328463,-0.20899542860595505,0.07980338862986303,-0.026857454431765043,-0.01381145067300249,0.039636300196087874,0.2288511721109706,0.030257380101890927,0.0007383569158867331,-0.00850085571345289,0.049458151044466665,9.702099420040033e-05,-0.0002477008567510565,4.2073168780332614e-05,-6.854152493730236e-05,-0.2534283062093455,0.15388508840081588,-0.00525540553745326,-0.4371565300863694,-1.6817208216238279e-12
COAL,0.18363597204559928,0.08009277528639829,-0.06564307824317306,0.11703320505864527,-0.03559047739086503,-0.26375940773050705,0.024988158518343632,-0.03274850094304288,0.052675456788372564,0.07257823449745684,-0.06001912060407059,0.05034147569639384,0.06676220439589088,-0.17402780708181426,-0.10800333349135782,0.032798395508961645,0.051806568372233415,-0.09664861177968948,-0.013650773420720803,0.012271714009361091,-0.043790086958338366,-0.016797598805989414,-0.025255083014538816,0.16784473394883084,-0.12542442510642696,-0.004019265814243356,-0.14230236378959651,-0.013476956883111717,0.08599725746915889,-0.12088776371182976,0.14939463455998497,0.2634147583518423,0.25633747924729633,-0.1330644474681718,0.06448798777346197,-0.24495674683921026,-0.11524203615397612,-0.011275969668366314,-0.13921366964317267,-0.20602362991788725,-0.048793279888042294,-0.014929533044549104,0.02105810229270823,0.05441621668028183,0.0005306429630436122,2.4741234629168442e-05,-3.9673533563679666e-05,5.405911953219499e-05,-0.2979044676445697,0.18089186042454836,-0.00617720061310108,-0.5138768954258021,-1.9768521214063744e-12
NUCLEAR,0.15111289320626087,-0.05772929782560081,-0.13062256220087734,0.20090123929267636,0.10416008646295062,0.02685296511972298,0.11437592476380848,0.018789448489554186,-0.10656140369285515,-0.09843294483612902,0.03514787707933223,-0.0005422457297438536,-0.38838982043891357,0.12987772194266695,-0.1226575609152653,-0.3503507286465732,0.14606046928198183,0.00979637753498384,0.08413610326299294,0.0527216806619131,0.12343493699949003,0.033479499508333774,0.003058176435564195,0.1829391014934468,0.061238260925779574,0.09102226699015617,-0.3304420023235904,-0.05255026829313766,0.11750694936111544,0.3282395797926515,-0.08470468587755768,0.10002438182715845,0.05487927874760126,-0.03883349690067684,0.07367815456716603,0.2616649080845194,0.16467551491811308,0.014114486258932843,0.06899698833928648,-0.014218484524422634,-0.06705446934765591,-0.006533640902405644,0.011214027216393453,-0.20154575348740783,-0.0010209241715323939,0.00024206099109248594,-6.962265756755781e-05,3.0228275021699556e-06,-0.17642019368639567,-0.09833736112491256,0.15166257464583616,0.00024040268773079727,-2.638831020142117e-14
WIND,-0.19019532543447543,0.12891437781550982,-0.17262253992099258,0.006145616039642729,-0.04763048499771877,-0.07161761677765392,-0.016753416820989533,-0.07419716817959522,-0.06844853700553909,-0.040767323550154,0.02960145830002371,-0.010104620377794263,0.024368003605742667,0.005319940180075823,0.030439258367245772,0.0570446492907977,-0.04530876734832819,0.05699759902939775,-0.06981577607817892,-0.012369934289791265,0.04716747752780266,0.01146560027874584,-0.11431794771358923,-0.2688876742731423,0.1761609281274322,0.13304359030531795,0.03796273283853046,0.06180696481233478,0.01889114139987144,-0.08050271599518873,0.09603918446371826,0.12927861200131288,0.02148693125948071,0.05198333303345035,-0.07433414821133001,-0.08207253676075467,-0.050083621821028816,0.035844098132117856,-0.10352347871941955,0.14460607620873947,0.24430582956379496,0.02973775219931076,-0.04610710711227446,-0.38317276394046956,-0.005931292015653792,0.0018125633412371604,0.00012168234449595077,0.0001134263999076967,-0.4456495773492396,-0.4615394302015597,-0.1876473319881685,-0.00010344586739289758,-7.660990999676839e-14
WIND_EMB,-0.18955598596804865,0.11599929673275329,-0.17704975044069146,0.032588995622776805,0.03298474121359057,-0.015673110782138327,-0.04773072974388188,-0.07491812201055068,-0.07847318435897163,-0.004978398893184285,-0.008044846463194116,-0.0064790666938229335,0.055134373592990234,0.10248676876949923,0.07538098327854537,0.035267630515831344,-0.04464888370738591,0.04196190688064622,-0.011702864912846118,-0.01511094737976748,-0.039810732535378875,0.026966169708136454,0.3073551382511735,0.25325687663303403,0.03937446651100893,0.10686448404873095,0.009783887747038103,-0.13348706245957215,-0.43359064999812497,0.04911313379725843,0.17024271381299053,0.12973602233224998,-0.08005275041582328,0.09404552409496653,-0.14785678016755285,0.010587095666990946,-0.057607624711060984,0.09886345482665944,-0.021284242292916512,0.11219575188192354,-0.5762518296782522,-0.0529590797581754,0.09760833982706642,0.10924497833688573,0.00477128848410699,-0.0018298528839876152,-2.5205069526108005e-05,-9.379415274380405e-05,-0.11614543363437553,-0.12029145457237167,-0.04890668155607235,-2.7126058846222153e-05,-1.9984327246100278e-14
HYDRO,0.0008175718788927993,0.2512826348826402,-0.06282259132749551,0.13812358740607822,-0.14891764109918554,0.16205168308945608,0.15887935932295894,0.127788816226033,0.4862076704275161,-0.09149367514848804,-0.07340144392559228,0.05078723275389057,-0.0027559803892920013,0.0877314734465473,0.06944706350783368,-0.05052807598248268,-0.009350504955309966,0.007096083966993376,0.025312681657450566,-0.01761347976400477,-0.0044752686718388035,0.02373692374653629,-0.023606021288961842,0.027042830114647164,0.03628792553100918,0.017637481289867942,0.017191174186414134,-0.0617347196627788,-0.04104054819764833,-0.23062602622925008,0.35709826801005323,-0.2523721991183355,0.17881309790712338,-0.13053859765629902,0.2001179202729282,0.40510418027817907,-0.15121388237655328,-0.14335189660057124,0.03596547462265113,0.029078657139424587,-0.012653161392211378,-0.0016564558512137091,0.004716186721364437,-0.02319952792364821,0.0015798711341224025,-0.0008365092706609391,0.00010088920439497935,-2.8792914613146268e-05,-0.028081684869905803,-0.02908304431922367,-0.011824308350868068,-6.52816869681585e-06,-4.8319660823317595e-15
IMPORTS,-0.13623026869228083,0.0307319880607158,0.2772251798705999,0.1872833403433013,-0.13091218635646207,0.02884870447872129,0.07197499473782853,-0.10468234985900765,-0.07706638338205113,0.05756918200583611,-0.04859743161751857,0.015448408144463101,0.07630943122909656,-0.03456080587421907,0.09470048443070797,-0.07055800501072847,0.04091184161529479,0.11337843024353476,-0.08623716102232619,-0.013700236053536362,0.011660521543471905,-0.002593872251788722,-0.12053606614499743,0.16817792157545142,0.4383113912949606,-0.08188760178311909,-0.06813722618434777,-0.0055653193872189895,-0.13000637612962357,0.117600528641675,-0.13888110796763492,-0.2597034451431984,0.0203770998584686,-0.4008843503411897,0.22303643422663574,-0.31377515568287717,-0.04240574395669956,0.08948656353370338,0.14238202031380479,0.21259981932082536,-0.030427186923778295,-0.00019576775622433655,-0.030441443332777787,0.02334011991019127,0.0004181192569529236,-9.874342275360979e-05,0.00019629004044439255,8.962906021540754e-06,-0.14465283138911686,0.08739868345783104,-0.002948698024766837,0.0009206909279070194,6.6994831327105166e-15
BIOMASS,-0.1552561455478501,0.08246441498081565,0.11981149093601426,-0.2465307389589131,-0.08347832949113412,0.0985051454494335,0.11147685926278904,-0.07327287653008341,0.025426629175987085,-0.09898390464078172,-0.004918029810702929,0.0719576255605268,-0.09021701581271933,-0.23969979975773248,-0.08801606051402971,-0.03232970216013848,0.31620244486637855,-0.15918447922093815,0.028413592746478932,0.026473638131533486,-0.08308933668081751,-0.007177774569887683,0.28470290518347297,-0.1604276652563881,0.1033807163140036,-0.04364874679133202,0.03027237959766208,-0.023597915929515365,-0.17079258426915023,-0.11780890853845394,-0.3025772736974841,-0.1706147501706377,0.009590821965540322,-0.04242285656746762,0.056800055402976696,0.07150432442250605,-0.012099500168620488,0.09512660151621068,-0.17192429725063121,-0.48635277059782805,-0.09803275164917898,-0.01506738548985857,0.020668740347428452,-0.14937342226260325,-0.0006387128559062913,0.0005332291514012394,-0.0002823575134093748,9.861310564879588e-05,-0.1268896414720004,-0.07072925149382543,0.10908368073223815,0.0001728511348574309,-1.8973360141484237e-14
OTHER,0.00404430042639269,-0.0018526001649985416,-0.01408640299120113,0.35388052513628787,0.10387691622362073,0.2976230273358988,-0.37106150902055035,-0.15206898650342518,0.06020499735756873,-0.06799355790032088,0.041119820270272646,-0.024008765628651917,0.04229241150442081,-0.04287422614007091,-0.14448011054735946,0.06494211242684227,0.0029880424473627825,-0.16447757991753326,-0.04875347478422751,0.11150228296990107,-0.07192766613575267,-0.040115581294740355,0.06236513409588847,-0.11797082316853774,0.025966344956027287,-0.04234265120025025,-0.15437284126835843,-0.03446582098242326,0.1173077631267353,0.2714558433493741,0.3473294737851352,-0.3097963938228116,-0.2357978712622471,0.05065979452791875,-0.12383712938691788,-0.15551027807923284,-0.08591176026123853,0.05257149567138546,-0.14849424479674314,-0.20502933397569909,0.04132668434223954,0.005847214848855716,0.010057275403676487,0.00677693014480939,-0.0003065314158617152,0.0006675199598675959,5.6511981676421625e-05,6.0339488878085054e-05,-0.04930247399803643,0.029788459981224622,-0.0010047297604449472,0.0003137554470658137,2.2823488493129415e-15
SOLAR,-0.08543929500252419,0.03588504327414518,0.18812063618179695,0.028545781617062404,0.45292155745482926,-0.08765534681992054,0.028124489327652845,0.0692737123537363,0.13273998966354048,0.04584289483327153,-0.08221451390156022,0.032986059133619454,-0.0041492093272768055,0.02046718664935083,0.028010309929995265,-0.03574080008189109,0.07897624503516025,0.0005263413926456527,-0.004535022564802183,0.018966045250581834,-0.003011505326443534,0.007374058671680105,-0.02409721358962304,-0.015899863618096137,-0.012756992176291258,-0.04139115455297541,0.14639847279803953,-0.25327768312010773,0.027247712029828022,0.033971215648824715,-0.019806360505087318,0.005975878414186024,-0.07792661627841127,0.031335469847651225,-0.040181390763930645,-0.11820654899911505,0.06598641437025052,-0.42475037021373,0.4369197193828645,-0.2416814163248221,0.006788364618816877,-0.006235100569552607,-0.013907410175407819,0.19822490876164808,0.0020240033465226534,-0.0006532790966746766,-7.733719455174892e-05,-1.1124004673942608e-05,-0.22424306246515613,-0.23224646335756877,-0.09442315877880543,-5.217396651102064e-05,-3.858234163350116e-14
STORAGE,0.07390557338596672,0.25298457416224956,0.01843357604413992,0.08789509677242588,-0.03806725595021756,0.15986615343786756,0.006707865571171442,0.38900675354748115,-0.19367405869474488,0.2592632724771844,0.023282686777104943,-0.1857512776960362,-0.08792553517942098,-0.047568314878550066,-0.03185672079837447,0.20685924657434818,0.1521149057277333,0.004786964506287508,-0.02097065579113107,-0.012711289886824831,-0.002308107184001993,0.0014855125413927588,-0.00941715110802663,0.051033564314133056,-0.04788033251642334,-0.04984490916424628,0.04928883656649802,-0.03547196890869536,0.001613559260874607,-0.1882044796606786,0.18286117253301268,-0.10460357664950921,0.041068288488153464,-0.032072785394861233,-0.038139218884432405,-0.07997854124397477,0.5992410022847815,0.22989449091989267,0.0787766717630271,-0.039917878404811376,-0.019637726075995194,-0.005193200405306075,-0.005245115857345228,-0.03501000958496575,0.000674998590652157,-0.00019502956336235895,8.2092818050428e-06,3.4132925575733425e-05,-0.04118629046090124,-0.04265532489341348,-0.017342009471540687,-9.545284790059048e-06,-7.08030715855564e-15
GENERATION,0.09222330748350085,0.33672984769085806,-0.0032097700867873245,0.023711546228512844,0.11273629837215793,-0.055893231063482915,-0.022313172607170875,-0.16111368198469228,-0.023458562160230057,-0.01415476285424124,-0.05644392320812112,0.05249983530329619,-0.051192758569752396,0.017898173282464482,-0.012397138169643376,-0.037825622697836084,0.13449604887258013,0.007986319024086452,-0.07373190428273825,0.0001015007497377411,0.02393706815245658,-0.0074856930868868405,-0.07898435386065986,0.10120813114002669,0.09319765709475288,-0.014894124381802138,-0.3290184291896403,-0.11105288676642028,-0.0006342467415789775,-0.20864620471176876,-0.023550159046783904,-0.0009527570031523455,0.13550766137453618,0.03295335833679978,-0.10229095832715546,-0.2478288429122381,-0.10189413601055843,-0.053274893400905944,-0.020422205852733757,-0.0270966256692938,-0.0030686488461283885,-0.009713955355895847,-0.003420421576913004,-0.1136533055142811,-0.0016069876454794562,0.00053178525848554,4.548967744674858e-05,3.546863655001574e-05,0.5996486783082429,-0.3623046090064351,0.012223518212349337,-0.0038165920198494304,-2.7766111151273404e-14
CARBON_INTENSITY,0.2172723546226065,0.024691983129595387,-0.020765131545470782,0.054817279656577254,-0.03282602587611185,-0.14495635658302933,0.0028033716732082585,-0.04682373046604992,0.058561487925115646,0.029954658454083075,-0.03201716542203504,0.03808232070830941,0.07078567824597805,-0.11235964255925335,-0.006911984001922545,0.07432774242782042,0.04552680392482186,-0.0258899452735884,0.02109860319194389,0.0062994748068492335,-0.02789096150338798,0.009509019638567763,0.1167967399485853,-0.017237015560476902,0.08791539206207219,0.2207420938000099,0.015370151585048146,-0.006251175253556645,-0.036500800752415866,0.024230208295514033,-0.06296357544907263,-0.10446008354703555,-0.06175876925808583,0.08307225386361211,0.009253760936227698,0.02639124187968839,0.024126033699398634,0.06359454611410019,0.17867955586833348,0.07836256303194422,0.19867177989353457,-0.03656272144411839,0.8409758931315068,-0.02523522608432906,-0.003045231805789094,-0.0006318068108787004,-3.750197999772651e-05,-5.0018651134161164e-05,-9.122556191022481e-07,-1.7743762101143998e-06,4.570310905158762e-07,-8.011476266298e-08,-1.470212032133198e-18
LOW_CARBON,-0.18998561539899453,0.158574681761823,-0.10521786684086219,0.04032781328909095,0.14136930843525944,-0.04092373520079441,0.05324091403129162,-0.020699035042719964,-0.03246251949670113,-0.049813631606312005,-0.002763254018466305,0.008169508103830884,-0.11083527166184384,0.019411594469853265,-0.0060329663578849654,-0.06153135473246619,0.10566222484546899,0.020091271744124724,-0.024804965596608216,0.014215158132567294,0.04388950522986032,0.025633359145140693,0.024738529417912197,-0.1297746393192629,0.16929949870114752,0.11708414719267835,-0.0020407216583942034,-0.09878922472701318,-0.062072105383381794,0.010369353692014182,0.03634669351908871,0.09608478332985991,0.0007408649713752628,0.03910642146741522,-0.057358569726690053,0.0027112189627081355,0.05546438425432766,-0.07826382985186575,0.07205220738459907,-0.06884043424988126,0.02942764548029332,0.0038803580312201454,-0.012778102987777538,-0.27937914348253584,-0.002981198760302517,0.0008607421710507324,-4.98323463449696e-07,4.798491704355288e-05,0.16196335506816517,0.6082675461440232,-0.5316801650731953,0.0020099615092687042,1.1166325284024611e-13
ZERO_CARBON,-0.16913168382646415,0.16995147246593006,-0.1920879475467447,0.033015989984805996,-0.0426590272315285,-0.008879199118480136,0.0695425645906942,-0.0435762484956788,-0.09001503473984752,-0.08937298404728744,0.038864905990670766,-0.002697784060488943,-0.16708541761094403,-0.01143999848747433,-0.04118559730784856,-0.07495144175414598,0.11781101567816854,0.015820864218598896,-0.02825271111274569,0.014360454755514035,0.07230224281198414,0.023692064258680933,-0.03415537233261518,-0.23805173760521034,0.23042590262157744,0.15384767042660108,-0.07797269810818418,0.02724663920669141,0.013431076734523045,-0.01603196187668337,0.01616731327271565,0.09295595158508994,0.06142144126442701,0.01977682063654012,-0.006510675451475061,0.052083824139598806,0.04837915063018097,0.09707497614947469,-0.10129208069913234,-0.009517868837343714,0.20490766478723585,0.0137391437315242,-0.006376908068968916,0.7745579400356285,0.006394228222061451,-0.0016496067696001979,-0.00010899846327926898,-0.00011625564288649877,1.3638645213450695e-05,-3.281265672758172e-06,5.66329506286334e-07,-1.0696851951051024e-07,-6.354295104380605e-17
RENEWABLE,-0.1969971337905335,0.15463316884407832,-0.09028535544973389,0.032746006933088385,0.12573429077781342,-0.06775279137769215,-0.0031508760728606137,-0.010618221543407575,-0.0066936359288680925,-0.0005725872512304081,-0.011674263137764943,-0.006545886529219158,0.02025637091498447,0.03105403702101302,0.04688050255651527,0.045861019847550005,-0.002669381747304485,0.04936421691233533,-0.05393885586599402,-0.006465767927864089,0.024851240945094284,0.01703192988688026,-0.03479340008261379,-0.14608957719882637,0.12708626734441786,0.0975821224387954,0.0856113245549777,-0.07688141634105373,-0.059190845094244944,-0.05897096226017381,0.12135505502684354,0.100408743397409,-0.016809182808037473,0.05792720082811751,-0.08860215796849084,-0.08621119456174615,0.00997418794635955,-0.0999654942759941,0.08597899550428885,0.03599579038971969,0.0678223095265103,0.008723903758119156,-0.019900422369117356,-0.18552838197673469,-0.0025063228423436125,0.0006615869892367696,7.035748931614216e-05,1.746870339843792e-05,0.002129061915597296,0.29948060108378144,0.7969822631929319,0.0009919597433790982,1.424445782469413e-14
FOSSIL,0.20460988708153105,0.1627055387873356,0.007165433286422211,-0.06195352591328437,0.02357297074743258,-0.04375570061376878,-0.03750109877942453,-0.0830383776339646,0.011015425892350415,0.011222226086341339,-0.03541543094140121,0.03435820714470034,0.007185147062546526,0.011787012602238585,-0.01451814696525086,0.015083835973556538,0.03523181201913691,-0.01598310711737789,-0.023438857615594933,-0.012561258862111476,-0.0043066331582264986,-0.017400128771650376,-0.05647737308699938,0.12832117968036755,-0.10811206084347336,-0.060549889410988135,-0.22948327110655575,-0.02569946191515166,0.05171586989923081,-0.20538892639235806,-0.03509761354328781,0.012086561676043247,0.1149282022222606,0.07415288816021014,-0.07941787900977289,-0.12411034210623857,-0.09678991176769083,-0.016139019886822877,-0.07394360611511551,-0.007948008536003213,-0.01615871155887212,-0.010024168880499222,0.009691376088662246,0.06763225670786856,0.00042867350980283625,-0.00012576322350097324,-1.0575006189495904e-06,9.840911587646545e-06,-0.3546384499784738,0.212987558834963,-0.007079194548732586,0.7381084378775148,2.856477531220032e-12
GAS_perc,0.10820857556378917,0.03055206037946926,0.11719440984398768,-0.3104591469661651,0.04576999937959484,0.3199404946596226,-0.09598523187286932,-0.04111993371732792,-0.040367256650645285,-0.0725803223436643,0.04156860963101821,-0.02900739052146971,-0.03914293624773558,0.2627808378659863,0.17665474557904087,0.0013253345557537588,-0.08293923173345119,0.11921871306619464,0.02106046564685633,-0.033932049024258136,0.05390442175907046,0.010270724533733393,0.06576621757187368,-0.081333135410547,0.0319214166745205,0.006972704507413416,-0.0024541240920888927,0.005613293247956605,0.005244831789878285,0.10167843240527591,0.19365779823083004,0.2495576796083643,0.15480064293959503,-0.16443815358613734,0.1653014888394289,-0.1344804030781116,-0.03680191669171728,0.08632395212908185,0.05133913109407242,-0.19625259883651267,0.04011580064604193,-0.013506089386811563,0.15627096357783546,-0.009921477555961662,0.2150285334513424,0.2779001910651242,0.16354720344986237,-0.42406369647459086,-1.567936868586047e-05,-9.733928458610863e-06,-4.189870812156655e-06,3.0952172387991884e-06,-1.8428169249810472e-17
COAL_perc,0.1835848520274901,0.02070543346912662,-0.07019705198883339,0.1422749603127351,-0.046372750979298695,-0.276273823628986,0.03650539764440935,-0.012336477332173211,0.07071687996224439,0.05517044895401296,-0.04896406278148463,0.04184071907629458,0.0898885969556288,-0.18059249357698123,-0.06255007474255074,0.06206495736064673,0.06369941873574406,-0.06466620062304783,-0.0029587834258700137,0.020639812882463793,-0.03458677389098268,0.010050489172058271,0.0930893870075677,0.006575904431821967,0.0606739980465244,0.2259861237002828,0.00638824830807407,-0.01137479466844298,-0.021867900939961812,0.006834046162631484,-0.10942599497664598,-0.19576913250249556,-0.11341566981538972,0.1269301087944813,-0.09050417363980894,0.09718619997240854,0.011144579856667279,0.0631845636742398,0.12033061360814205,0.09709804269039005,0.002472558415314165,0.020341473426493003,-0.3377182336496079,0.0050417903972413925,0.26229952968543757,0.33721052182986727,0.19846031976862874,-0.5144188514700463,-1.8715002363840233e-05,-1.0765985439448315e-05,-5.795908323892418e-06,3.7293408183954734e-06,-2.855607035095207e-17
NUCLEAR_perc,0.06209224883860741,-0.29315971557717857,-0.1155068548129942,0.1554093279377072,0.0008788821552111097,0.07323018991104789,0.10773390249314294,0.11110696606708224,-0.08529550368571455,-0.07530260941539187,0.06881909326751842,-0.032889936067491,-0.32281315300542746,0.115802125781065,-0.08996923106197623,-0.2583457499741728,0.08111980090202735,-9.498794714440285e-06,0.11586152476776819,0.05957433927349792,0.09790240035871241,0.03370265869563201,0.04557318202208282,0.07016970891120654,-0.04012869225092141,0.032314797263323314,0.30480723716960567,0.06619625390480964,-0.12941404673176032,-0.3621185982092535,0.07158263263548413,-0.17346642786832306,-0.03977502353553216,-0.002788483846935151,-0.10673444711418408,-0.3554502183671077,-0.15709175352692034,-0.10698003452598238,-0.10765164268697841,0.04179661082975591,0.04405324610502401,0.0006802851162548383,0.07681929567969975,-0.00477720441779443,0.26729760728753393,0.12338040164741054,-0.15665421414481123,-0.001023207972385139,1.5149373760142765e-06,1.291044235157842e-07,2.3039939119569134e-06,-2.9211159484670944e-09,2.6204351388714395e-18
WIND_perc,-0.1981174414777632,0.059031793056714826,-0.18048307004948724,-0.0061056815910161735,-0.07923008307730468,-0.07710226466163336,-0.01657442299372703,-0.013615145255364086,-0.054632505406707846,-0.02031960881801597,0.04348022311778695,-0.02243817241292492,0.040614339474695296,-0.01748351587991085,-0.025397332385512787,0.06544420880939018,-0.10615267538182292,0.012371907051555223,-0.06159834549135162,-0.03247805798162229,0.021881227603399906,-0.0125021109400797,-0.2517642536477539,-0.168062788585981,-0.1401902537412053,-0.061673383659331185,-0.16345583684620368,0.13622072606647023,0.09625116752487388,0.03841998838529776,-0.1086090554810694,-0.14690977935390287,0.01795835744598306,-0.08308343707239982,0.0526435938839962,0.014133279897119868,0.10423204996658401,-0.1877382833376669,0.03707086284926382,-0.07980443113869316,-0.2993133353028804,-0.034414172651121976,0.1661464112758863,-0.004852450874563918,0.659593431055576,-0.24061416064763397,0.050014497655095726,0.0002914663682502827,8.035667787429563e-06,-1.1971045187015538e-05,3.279973686237002e-06,1.1282477760790455e-06,1.101651801642987e-17
WIND_EMB_perc,-0.19847983075204687,0.046317051128543736,-0.1869326268978426,0.02073071846273521,-0.0011128635891363883,-0.01846061176952343,-0.04744198520317552,-0.019214257524359846,-0.06503190179268432,0.016217712140708652,0.002731107581948957,-0.018077206796220997,0.06736138763205224,0.07827742235614929,0.022580812485579423,0.04408862917933388,-0.097872816749253,-0.003259471657809882,-0.0010090830909208284,-0.03127657228063991,-0.06328939381211154,0.004065679753160874,0.17672396422132397,0.3503135984148317,-0.264284951711514,-0.08705871327097017,-0.14459591574706285,-0.06722695435488413,-0.4089066145266672,0.0914257463320666,-0.07587012807507842,-0.05832126188654181,0.0006687299739240602,-0.10464178548727981,0.05893034797293016,0.04484782113308705,0.05926333404591405,-0.07339035745293651,-0.014516473548668975,-0.1086865121582775,0.6082108493829532,0.059511402366020205,-0.06430507334242246,-0.00615943469370131,0.16523753514056966,-0.060019903132426,0.012906383161416585,0.0001731486607901088,1.6299475405171953e-06,-3.2288405433227345e-06,1.2963236149659804e-06,3.87600256690462e-07,2.969317267297493e-18
HYDRO_perc,-0.03334453649986346,0.157272136198124,-0.07341565040557828,0.13753149283363492,-0.19756762575304132,0.18286447618784393,0.18654054671806014,0.18941361321160016,0.5706533645076174,-0.09073592272003622,-0.0724285266972637,0.038491702743676214,0.012395457378663854,0.09575136548174737,0.06978413151045532,-0.0547266484677729,-0.07772350883294266,-0.004810417663760668,0.07336492076057496,-0.01129817933483333,-0.029804992088736264,0.009432047255459014,-0.0004544412551172053,0.01331620398105187,-0.036989056603794715,-0.02473734416896457,-0.014133710756731083,0.07096632460977566,0.01502357881268649,0.19005369021756777,-0.30998765176965437,0.23712066408961716,-0.16085964782734902,0.11911597214460716,-0.18295827357563602,-0.3618914681134152,0.13431167662721008,0.12167103985426056,-0.032484482738450594,-0.022768151968070433,0.006485300067024388,-0.0011248559354826296,0.001475118323723768,-0.0012054962550013695,0.03425474906910803,-0.01229583671149962,0.0026483231590138474,4.711551729525383e-05,3.5793945361947597e-07,-6.962770796271025e-07,2.408527853560077e-07,5.8583776561399374e-08,4.582807848091404e-18
IMPORTS_perc,-0.1398574281731359,-0.06323391206950205,0.2650163425417941,0.15751213984016726,-0.17517263524703133,0.026225078888073936,0.06348362381027063,-0.05771995358950755,-0.07418815018668433,0.08117386111897995,-0.042150384846896566,0.010010447951300388,0.07564041917006742,-0.052493600643835604,0.012506104012613714,-0.0749318056535931,-0.016079296942173377,0.06920711427252843,-0.056094333509841464,-0.01955199621716711,-0.023224054704769903,-0.03309504656270036,-0.17479267096552495,0.30288137504741997,0.3196950712552527,-0.27210982816937945,0.0173997170239049,0.05816202528916795,0.06092506281407263,-0.12176186862005957,0.1037334349922418,0.2403974822566099,-0.1457569380841528,0.26390273824968086,-0.21425755478520916,0.26797298855832913,0.06537284123072916,-0.1245570415838315,-0.16164713245524684,-0.20167185969390924,0.07784111719208071,0.0036234238947514996,0.1390987000825075,0.00021616411780858662,0.1854163388777608,0.21898572745497605,0.10468573210929728,0.03179107487029976,-1.4887336768070094e-06,-1.419306601230355e-07,2.6662990893231937e-06,-1.036924953534972e-06,-8.236110442528746e-18
BIOMASS_perc,-0.15719781362153096,0.02327876531337698,0.11936705302971164,-0.2508935887346654,-0.12025077120901273,0.09106550957326184,0.11462626509327399,-0.02760785677650424,0.026454831188763878,-0.07355528644728858,0.00121326858287741,0.06758214249752292,-0.07133154693749474,-0.2872586489471399,-0.1457016997958823,-0.040525300108257216,0.2540443942147575,-0.21203791740886113,0.060701573644351796,0.009591451925965295,-0.10818160400496774,-0.029259212356091018,0.24495859628152744,-0.02361458482400909,-0.10027285645869831,-0.2438001890185693,-0.13495991094867474,-0.005323364741581422,0.1022921140227462,0.13693747647280788,0.2756619021598158,0.13604297843530577,0.006268592459167617,0.01774237027233748,-0.05434395470708798,-0.08450381358159206,0.034240608881060376,-0.1588638960350505,0.1429306613678618,0.48712672487942854,0.06626685207881153,0.013365745819598259,0.01421851340086494,0.000859840096934158,0.16549833119471075,0.07603622662226654,-0.09679980708592702,-0.0007212336139437599,6.345635279792776e-07,1.0456156972577189e-07,1.0033521811840745e-06,4.8590826316746295e-08,-4.642033024570781e-18
OTHER_perc,-0.004657346994305399,-0.06181556341412565,-0.020515938889780923,0.3512500902702269,0.0845138176620063,0.2974431742011833,-0.3663429999302041,-0.13970159916351596,0.057741729118304365,-0.042366292647736205,0.034379304558554716,-0.0289208869104768,0.031499314081885894,-0.038320220405006857,-0.1524169852476127,0.06703114176238113,-0.0012643338764095253,-0.17369632708686356,-0.050598906228664385,0.14293551433239343,-0.09249744636796219,-0.052126257372463444,0.060144386325387614,-0.09947562363331722,0.013539185863322417,-0.07961746329607677,0.08701229808247611,0.024818590731974434,-0.10536888728488968,-0.28185358705289526,-0.3453480725409837,0.3137529019304564,0.26256890529298754,-0.07834197108083234,0.08193661244358273,0.15063249023132178,0.06539972531655379,-0.01975266671559743,0.17583605108565092,0.1860776227698709,-0.030298761655019744,-0.0062125381680936806,0.0030449256087345263,0.0001927180587694743,0.05830491827373682,0.06753532012443121,0.03260457687068133,0.009852234116061937,-7.948634880261347e-07,-2.0224863586752703e-08,4.829122865431428e-07,-2.6688458502925067e-07,-1.0061858326860288e-18
SOLAR_perc,-0.08717804307993944,0.023571072588508504,0.19205139646245942,0.029225144502271847,0.4455022636886644,-0.08987483853561101,0.03409541040546255,0.08971124679519206,0.13457720686431301,0.06598622871365663,-0.08452930444919263,0.025859039642947557,0.0013078926073372618,0.015293010507183192,0.011892163328963716,-0.0333747765926325,0.0621185669470243,-0.007022532004183701,-0.0013587912795081664,0.02033392787847694,-0.014662243468213135,0.0030978068983912523,-0.03726354725432569,0.009237174370279789,-0.038489208987207355,-0.07931777152386976,0.14951802676810805,-0.37557400321283063,0.10302383734350608,0.04250725160009077,-0.04897440076015956,0.02103769106519663,0.045931171413051745,-0.009420222976497786,0.06756413059014627,0.10013995055820565,-0.07910316481712383,0.40868636056270213,-0.3987642951634537,0.21680966291575868,0.06585736497396542,0.004192836198361494,0.0647580845135051,-0.006131836893608579,0.3100030918573269,-0.11298254513446766,0.023722573268834875,0.00017407685713086482,3.923069037612519e-06,-6.054944660446323e-06,1.4869197608273945e-06,5.63643209315248e-07,6.1933744681982634e-18
STORAGE_perc,0.06369282129447172,0.23153759599104737,0.028249115013778612,0.09236307146480541,-0.038252803144638595,0.18214299767499142,0.007840367392322356,0.4381477958926795,-0.2011176294964164,0.27659023207762556,0.02674424834351638,-0.21725611198513817,-0.0764488488142186,-0.0574571297927062,-0.019417979681409965,0.2024019312179411,0.11051492720449917,0.011479895306769695,0.012202576027087922,-0.016488648409974358,-0.0025733999480764902,0.0060116354565948014,0.06477395737902014,-0.010402370642568017,0.048026947740616666,0.061967384655879504,-0.004366229024429593,0.04173575266818803,0.01287868771468816,0.19966997015155674,-0.18874933591704185,0.10608895380107258,-0.05145437295194601,0.03253429847633825,0.03455677614258297,0.059897230313081966,-0.5528195178290304,-0.23549186991948706,-0.0738275084281726,0.032244671473781523,0.010945627264674674,0.004547175620504314,0.014028747653047138,-0.0012062590932891601,0.04827760944835383,-0.017669130576808172,0.003747764943542317,4.746477427579765e-06,5.258999837239948e-07,-4.47200166489729e-07,1.973114847585361e-07,6.281569400169626e-08,1.1128085420224248e-18
GENERATION_perc,0.0,-0.0,-0.0,-0.0,-0.0,-1.1305794723689988e-48,-1.8632890517819052e-44,-4.2330424010324074e-41,1.0345842614048697e-39,4.1785150751886e-38,-1.6787528697680793e-37,3.666073006627009e-37,6.156651662431731e-37,-1.88079096131566e-35,4.70197740328915e-37,1.566346222470698e-36,1.8126122889679673e-35,2.3603926564511533e-33,-3.79280305258916e-33,-1.1989016465692652e-31,1.1751517647486839e-30,2.4035668242252167e-30,-6.054663186466817e-30,1.26528550807934e-28,-7.115653247829249e-28,1.6788473407601877e-26,7.274062752191309e-23,-1.155118456203148e-21,-4.348411467618741e-20,1.3622063512351376e-19,5.649722969172518e-18,-3.535967940201509e-18,-1.929366031602119e-18,3.3346750326176966e-18,3.207193618178172e-19,3.806784754026126e-18,1.002124403771469e-18,-4.57097969578022e-18,2.3975743997898833e-18,8.722304356533464e-18,2.354581930674245e-18,1.1555675254492567e-19,1.328379863272123e-18,8.243578752563027e-17,-5.5294310796760726e-18,1.8214596497756474e-17,2.0816681711721685e-17,-0.0,-5.5094817597023393e-14,-1.2601031329495527e-13,3.444466933899548e-14,-3.859679936768501e-12,1.0
LOW_CARBON_perc,-0.21709339548313553,-0.016532516474646958,-0.11374980527296287,0.019623552235662697,0.05907530813273438,-0.02833151206066879,0.05869287613299779,0.0794088846663851,-0.01725377116841828,-0.018611169404612604,0.024998685878318407,-0.017748710862488404,-0.08511970631018219,-0.013125848764708088,-0.06886691921208242,-0.04299133413691242,0.010187540779780128,-0.03782002783777518,0.010473481887166472,-0.0013772779088784518,0.00812476312000879,-0.0012241272229740502,-0.09005922082351824,-0.03380185417151444,-0.19483643408637177,-0.12421157688681471,-0.019249915043521193,-0.015825388406405367,0.007443444010897469,-0.01715209404577077,-0.047771929254477374,-0.12459126133227447,0.008199004691490163,-0.07308847056059888,0.01973468268748371,-0.09335134967609432,-0.010386331771990696,-0.0863310601777332,-0.12133181379669107,0.11199158506318414,-0.058346448919387936,-0.01022088727947723,0.1569691404861894,0.0030626605642257087,-0.25191727111278345,0.27611177293239336,0.7745906855384643,0.09653780361807214,-9.558135252728182e-06,5.057226039683964e-07,1.3947336812230992e-06,-2.9977909377252986e-06,-3.034462475670734e-17
ZERO_CARBON_perc,-0.2195929488964396,-0.0239611087889244,-0.07102783377133094,0.0409638051278448,-0.059163952505526404,-0.057336027694630344,0.03605282430888503,0.064265221092652,-0.038651282804976206,0.025385940110012897,0.027210629617316778,-0.014256265916149233,-0.08152743878975549,-0.0042843321477077645,-0.07771963451462331,-0.06309725498888505,0.009913976710873674,-0.022669893990056273,0.01741158668538975,0.0075044958067122455,0.011344303192069072,-0.03839877980619897,-0.15015359192748495,0.0018002560845292205,-0.1258681117535414,-0.22867161547611198,-0.057441933890549704,0.02300765895005221,0.018498518174443694,-0.07611470301929013,0.07365330966933245,0.011975599151460846,-0.010340032193604163,0.21874979557894567,0.059056924382631576,0.008447317502678558,-0.3665033199582349,0.5460582684377003,0.5416494333523908,-0.15755717042116177,0.023247338993287566,-0.024077291477308044,0.0017844139369358756,-0.018748379648956953,1.226794056316836e-05,7.414725898852902e-05,-7.715817935298344e-05,4.03600928568471e-05,-4.6699043826793746e-07,-2.8417466770903913e-07,1.0606777926104444e-07,3.992890940648567e-08,3.358700277771098e-18
RENEWABLE_perc,-0.21218606155300476,0.07974615116517424,-0.10314625102626543,0.02027487201425191,0.0866392026087243,-0.0743226759221256,-0.0014109968709230334,0.04944063740613975,0.006109938992329862,0.022748854816836344,0.0016761456145799863,-0.02146060525464479,0.03950088154369608,0.008003911156283093,-0.00858129955622939,0.054022654429265106,-0.07230137025357507,0.006512651137550407,-0.042487696899601794,-0.024181875912979822,-0.0023355437330216285,-0.0066748922595570494,-0.16164122379180382,-0.054239233713069754,-0.16592319733758865,-0.0872321846731672,-0.09670631478500927,-0.038230983678927494,0.03065372208306107,0.07848319278792808,-0.1334041737372467,-0.09779773522145604,0.02094090264068671,-0.07848389595857527,0.06912431768963007,0.04483418691064774,0.036303589778341167,-0.01820416455711864,-0.1186504979727177,-0.0024947402607942305,-0.08898172724527667,-0.013372090162950611,0.13348523409497695,0.0030349839184036042,-0.11766968342164019,0.6788557184283813,-0.5191482190842419,-0.0035012760108268422,-5.415942169209113e-06,1.5930921375871437e-05,8.294599277566992e-07,-1.6850683379678906e-06,-6.474334852879033e-18
FOSSIL_perc,0.2236404474478574,0.03762551604910859,0.02166174502893169,-0.0931994198883633,-0.007077536359097216,-0.01024147759579455,-0.03495025925839863,-0.037913185875548185,0.03069058298902132,-0.0038236433964790213,-0.012048631379549974,0.014691696784363564,0.047231768124454496,0.02957208588898847,0.0681266145302864,0.05177378525359476,-0.00383748662741021,0.02756811956180578,0.011806636468028504,-0.006011516117628746,0.008087781930201893,0.015179359870929162,0.12076406970935755,-0.049575363604002894,0.07131832270559661,0.1899730487266971,0.003550917731614701,-0.005494649630822701,-0.014364231670474884,0.07436528514641577,0.04119183691372419,0.0081694344122407,0.011591485590646005,-0.007090457189223609,0.03747351390458005,-0.01114570077528476,-0.015748832301253058,0.11009500985558865,0.13335075946517025,-0.05285763095819511,0.029060146148138587,0.007602414365600427,-0.17134294092701802,-0.002338918916981058,0.33004338615900597,0.3517362150743688,0.12318765992856326,0.7383101627888428,1.7478009263801234e-05,1.5236036905272342e-05,1.4888036243497692e-05,-8.007871646664592e-06,8.13088105879401e-18
